CWE121_Stack_Based_Buffer_Overflow__CWE805_int64_t_declare_memcpy_01;good;Vulnerability;goodG2B;0:;%-1;memcpy: possible insufficient buffer size 100 for n of size 800
CWE121_Stack_Based_Buffer_Overflow__CWE805_int64_t_declare_memcpy_03;good;Vulnerability;goodG2B1;0:;%-1;memcpy: possible insufficient buffer size 100 for n of size 800
CWE121_Stack_Based_Buffer_Overflow__CWE805_int64_t_declare_memcpy_03;good;Vulnerability;goodG2B2;0:;%-1;memcpy: possible insufficient buffer size 100 for n of size 800
CWE121_Stack_Based_Buffer_Overflow__CWE805_int64_t_declare_memcpy_02;good;Vulnerability;goodG2B1;0:;%-1;memcpy: possible insufficient buffer size 100 for n of size 800
CWE121_Stack_Based_Buffer_Overflow__CWE805_int64_t_declare_memcpy_02;good;Vulnerability;goodG2B2;0:;%-1;memcpy: possible insufficient buffer size 100 for n of size 800
CWE121_Stack_Based_Buffer_Overflow__CWE805_int64_t_declare_memcpy_04;good;Vulnerability;goodG2B1;0:;%-1;memcpy: possible insufficient buffer size 100 for n of size 800
CWE121_Stack_Based_Buffer_Overflow__CWE805_int64_t_declare_memcpy_04;good;Vulnerability;goodG2B2;0:;%-1;memcpy: possible insufficient buffer size 100 for n of size 800
CWE121_Stack_Based_Buffer_Overflow__CWE805_int64_t_declare_memcpy_06;good;Vulnerability;goodG2B1;0:;%-1;memcpy: possible insufficient buffer size 100 for n of size 800
CWE121_Stack_Based_Buffer_Overflow__CWE805_int64_t_declare_memcpy_06;good;Vulnerability;goodG2B2;0:;%-1;memcpy: possible insufficient buffer size 100 for n of size 800
CWE121_Stack_Based_Buffer_Overflow__CWE805_int64_t_declare_memcpy_05;good;Vulnerability;goodG2B1;10:;%-1;memcpy: possible insufficient buffer size 100 for n of size 800
CWE121_Stack_Based_Buffer_Overflow__CWE805_int64_t_declare_memcpy_05;good;Vulnerability;goodG2B2;9:;%-1;memcpy: possible insufficient buffer size 100 for n of size 800
CWE121_Stack_Based_Buffer_Overflow__CWE805_int64_t_declare_memcpy_07;good;Vulnerability;goodG2B1;10:;%-1;memcpy: possible insufficient buffer size 100 for n of size 800
CWE121_Stack_Based_Buffer_Overflow__CWE805_int64_t_declare_memcpy_07;good;Vulnerability;goodG2B2;9:;%-1;memcpy: possible insufficient buffer size 100 for n of size 800
CWE121_Stack_Based_Buffer_Overflow__CWE805_int64_t_declare_memcpy_08;good;Vulnerability;goodG2B1;10:;%-1;memcpy: possible insufficient buffer size 100 for n of size 800
CWE121_Stack_Based_Buffer_Overflow__CWE805_int64_t_declare_memcpy_08;good;Vulnerability;goodG2B2;9:;%-1;memcpy: possible insufficient buffer size 100 for n of size 800
CWE121_Stack_Based_Buffer_Overflow__CWE805_int64_t_declare_memcpy_09;good;Vulnerability;goodG2B1;10:;%-1;memcpy: possible insufficient buffer size 100 for n of size 800
CWE121_Stack_Based_Buffer_Overflow__CWE805_int64_t_declare_memcpy_09;good;Vulnerability;goodG2B2;9:;%-1;memcpy: possible insufficient buffer size 100 for n of size 800
CWE121_Stack_Based_Buffer_Overflow__CWE805_int64_t_declare_memcpy_10;good;Vulnerability;goodG2B1;10:;%-1;memcpy: possible insufficient buffer size 100 for n of size 800
CWE121_Stack_Based_Buffer_Overflow__CWE805_int64_t_declare_memcpy_10;good;Vulnerability;goodG2B2;9:;%-1;memcpy: possible insufficient buffer size 100 for n of size 800
CWE121_Stack_Based_Buffer_Overflow__CWE805_int64_t_declare_memcpy_12;good;Vulnerability;goodG2B;11:;%-1;memcpy: possible insufficient buffer size 100 for n of size 800
CWE121_Stack_Based_Buffer_Overflow__CWE805_int64_t_declare_memcpy_11;good;Vulnerability;goodG2B1;10:;%-1;memcpy: possible insufficient buffer size 100 for n of size 800
CWE121_Stack_Based_Buffer_Overflow__CWE805_int64_t_declare_memcpy_11;good;Vulnerability;goodG2B2;9:;%-1;memcpy: possible insufficient buffer size 100 for n of size 800
CWE121_Stack_Based_Buffer_Overflow__CWE805_int64_t_declare_memcpy_13;good;Vulnerability;goodG2B1;10:;%-1;memcpy: possible insufficient buffer size 100 for n of size 800
CWE121_Stack_Based_Buffer_Overflow__CWE805_int64_t_declare_memcpy_13;good;Vulnerability;goodG2B2;9:;%-1;memcpy: possible insufficient buffer size 100 for n of size 800
CWE121_Stack_Based_Buffer_Overflow__CWE805_int64_t_declare_memcpy_16;good;Vulnerability;goodG2B;7:;%-1;memcpy: possible insufficient buffer size 100 for n of size 800
CWE121_Stack_Based_Buffer_Overflow__CWE805_int64_t_declare_memcpy_15;good;Vulnerability;goodG2B1;0:;%-1;memcpy: possible insufficient buffer size 100 for n of size 800
CWE121_Stack_Based_Buffer_Overflow__CWE805_int64_t_declare_memcpy_15;good;Vulnerability;goodG2B2;0:;%-1;memcpy: possible insufficient buffer size 100 for n of size 800
CWE121_Stack_Based_Buffer_Overflow__CWE805_int64_t_declare_memcpy_14;good;Vulnerability;goodG2B1;10:;%-1;memcpy: possible insufficient buffer size 100 for n of size 800
CWE121_Stack_Based_Buffer_Overflow__CWE805_int64_t_declare_memcpy_14;good;Vulnerability;goodG2B2;9:;%-1;memcpy: possible insufficient buffer size 100 for n of size 800
CWE121_Stack_Based_Buffer_Overflow__CWE805_int64_t_declare_memcpy_18;good;Vulnerability;goodG2B;5:;%-1;memcpy: possible insufficient buffer size 100 for n of size 800
CWE121_Stack_Based_Buffer_Overflow__CWE805_int64_t_declare_memcpy_17;good;Vulnerability;goodG2B;14:;%-1;memcpy: possible insufficient buffer size 100 for n of size 800
CWE121_Stack_Based_Buffer_Overflow__CWE805_int64_t_declare_memcpy_31;good;Vulnerability;goodG2B;0:;%-1;memcpy: possible insufficient buffer size 100 for n of size 800
CWE121_Stack_Based_Buffer_Overflow__CWE805_int64_t_declare_memcpy_34;good;Vulnerability;goodG2B;0:;%-1;memcpy: possible insufficient buffer size 100 for n of size 800
CWE121_Stack_Based_Buffer_Overflow__CWE805_int64_t_declare_memcpy_41;good;Vulnerability;CWE121_Stack_Based_Buffer_Overflow__CWE805_int64_t_declare_memcpy_41_goodG2BSink;0:;%-1;memcpy: possible insufficient buffer size 100 for n of size 800
CWE121_Stack_Based_Buffer_Overflow__CWE805_int64_t_declare_memcpy_32;good;Vulnerability;goodG2B;0:;%-1;memcpy: possible insufficient buffer size 100 for n of size 800
CWE121_Stack_Based_Buffer_Overflow__CWE805_int64_t_declare_memcpy_44;good;Vulnerability;goodG2BSink;0:;%-1;memcpy: possible insufficient buffer size 100 for n of size 800
CWE121_Stack_Based_Buffer_Overflow__CWE805_int64_t_declare_memcpy_45;good;Vulnerability;goodG2BSink;0:;%-1;memcpy: possible insufficient buffer size 100 for n of size 800
CWE121_Stack_Based_Buffer_Overflow__CWE805_int64_t_declare_memcpy_51;good;Vulnerability;CWE121_Stack_Based_Buffer_Overflow__CWE805_int64_t_declare_memcpy_51b_goodG2BSink;0:;%-1;memcpy: possible insufficient buffer size 100 for n of size 800
CWE121_Stack_Based_Buffer_Overflow__CWE805_int64_t_declare_memcpy_52;good;Vulnerability;CWE121_Stack_Based_Buffer_Overflow__CWE805_int64_t_declare_memcpy_52c_goodG2BSink;0:;%-1;memcpy: possible insufficient buffer size 100 for n of size 800
CWE121_Stack_Based_Buffer_Overflow__CWE805_int64_t_declare_memcpy_63;good;Vulnerability;CWE121_Stack_Based_Buffer_Overflow__CWE805_int64_t_declare_memcpy_63b_goodG2BSink;0:;%-1;memcpy: possible insufficient buffer size 100 for n of size 800
CWE121_Stack_Based_Buffer_Overflow__CWE805_int64_t_declare_memcpy_53;good;Vulnerability;CWE121_Stack_Based_Buffer_Overflow__CWE805_int64_t_declare_memcpy_53d_goodG2BSink;0:;%-1;memcpy: possible insufficient buffer size 100 for n of size 800
CWE121_Stack_Based_Buffer_Overflow__CWE805_int64_t_declare_memcpy_54;good;Vulnerability;CWE121_Stack_Based_Buffer_Overflow__CWE805_int64_t_declare_memcpy_54e_goodG2BSink;0:;%-1;memcpy: possible insufficient buffer size 100 for n of size 800
CWE121_Stack_Based_Buffer_Overflow__CWE805_int64_t_declare_memcpy_65;good;Vulnerability;CWE121_Stack_Based_Buffer_Overflow__CWE805_int64_t_declare_memcpy_65b_goodG2BSink;0:;%-1;memcpy: possible insufficient buffer size 100 for n of size 800
CWE121_Stack_Based_Buffer_Overflow__CWE805_int64_t_declare_memcpy_64;good;Vulnerability;CWE121_Stack_Based_Buffer_Overflow__CWE805_int64_t_declare_memcpy_64b_goodG2BSink;0:;%-1;memcpy: possible insufficient buffer size 100 for n of size 800
CWE121_Stack_Based_Buffer_Overflow__CWE805_int64_t_declare_memmove_01;good;Vulnerability;goodG2B;0:;%-1;memmove: possible insufficient buffer size 100 for n of size 800
CWE121_Stack_Based_Buffer_Overflow__CWE805_int64_t_declare_memcpy_68;good;Vulnerability;CWE121_Stack_Based_Buffer_Overflow__CWE805_int64_t_declare_memcpy_68b_goodG2BSink;0:;%-1;memcpy: possible insufficient buffer size 100 for n of size 800
CWE121_Stack_Based_Buffer_Overflow__CWE805_int64_t_declare_memcpy_67;good;Vulnerability;CWE121_Stack_Based_Buffer_Overflow__CWE805_int64_t_declare_memcpy_67b_goodG2BSink;0:;%-1;memcpy: possible insufficient buffer size 100 for n of size 800
CWE121_Stack_Based_Buffer_Overflow__CWE805_int64_t_declare_memmove_02;good;Vulnerability;goodG2B1;0:;%-1;memmove: possible insufficient buffer size 100 for n of size 800
CWE121_Stack_Based_Buffer_Overflow__CWE805_int64_t_declare_memmove_02;good;Vulnerability;goodG2B2;0:;%-1;memmove: possible insufficient buffer size 100 for n of size 800
CWE121_Stack_Based_Buffer_Overflow__CWE805_int64_t_declare_memmove_03;good;Vulnerability;goodG2B1;0:;%-1;memmove: possible insufficient buffer size 100 for n of size 800
CWE121_Stack_Based_Buffer_Overflow__CWE805_int64_t_declare_memmove_03;good;Vulnerability;goodG2B2;0:;%-1;memmove: possible insufficient buffer size 100 for n of size 800
CWE121_Stack_Based_Buffer_Overflow__CWE805_int64_t_declare_memmove_04;good;Vulnerability;goodG2B1;0:;%-1;memmove: possible insufficient buffer size 100 for n of size 800
CWE121_Stack_Based_Buffer_Overflow__CWE805_int64_t_declare_memmove_04;good;Vulnerability;goodG2B2;0:;%-1;memmove: possible insufficient buffer size 100 for n of size 800
CWE121_Stack_Based_Buffer_Overflow__CWE805_int64_t_declare_memmove_06;good;Vulnerability;goodG2B1;0:;%-1;memmove: possible insufficient buffer size 100 for n of size 800
CWE121_Stack_Based_Buffer_Overflow__CWE805_int64_t_declare_memmove_06;good;Vulnerability;goodG2B2;0:;%-1;memmove: possible insufficient buffer size 100 for n of size 800
CWE121_Stack_Based_Buffer_Overflow__CWE805_int64_t_declare_memmove_05;good;Vulnerability;goodG2B1;10:;%-1;memmove: possible insufficient buffer size 100 for n of size 800
CWE121_Stack_Based_Buffer_Overflow__CWE805_int64_t_declare_memmove_05;good;Vulnerability;goodG2B2;9:;%-1;memmove: possible insufficient buffer size 100 for n of size 800
CWE121_Stack_Based_Buffer_Overflow__CWE805_int64_t_declare_memmove_07;good;Vulnerability;goodG2B1;10:;%-1;memmove: possible insufficient buffer size 100 for n of size 800
CWE121_Stack_Based_Buffer_Overflow__CWE805_int64_t_declare_memmove_07;good;Vulnerability;goodG2B2;9:;%-1;memmove: possible insufficient buffer size 100 for n of size 800
CWE121_Stack_Based_Buffer_Overflow__CWE805_int64_t_declare_memmove_09;good;Vulnerability;goodG2B1;10:;%-1;memmove: possible insufficient buffer size 100 for n of size 800
CWE121_Stack_Based_Buffer_Overflow__CWE805_int64_t_declare_memmove_09;good;Vulnerability;goodG2B2;9:;%-1;memmove: possible insufficient buffer size 100 for n of size 800
CWE121_Stack_Based_Buffer_Overflow__CWE805_int64_t_declare_memmove_08;good;Vulnerability;goodG2B1;10:;%-1;memmove: possible insufficient buffer size 100 for n of size 800
CWE121_Stack_Based_Buffer_Overflow__CWE805_int64_t_declare_memmove_08;good;Vulnerability;goodG2B2;9:;%-1;memmove: possible insufficient buffer size 100 for n of size 800
CWE121_Stack_Based_Buffer_Overflow__CWE805_int64_t_declare_memmove_10;good;Vulnerability;goodG2B1;10:;%-1;memmove: possible insufficient buffer size 100 for n of size 800
CWE121_Stack_Based_Buffer_Overflow__CWE805_int64_t_declare_memmove_10;good;Vulnerability;goodG2B2;9:;%-1;memmove: possible insufficient buffer size 100 for n of size 800
CWE121_Stack_Based_Buffer_Overflow__CWE805_int64_t_declare_memmove_12;good;Vulnerability;goodG2B;11:;%-1;memmove: possible insufficient buffer size 100 for n of size 800
CWE121_Stack_Based_Buffer_Overflow__CWE805_int64_t_declare_memmove_11;good;Vulnerability;goodG2B1;10:;%-1;memmove: possible insufficient buffer size 100 for n of size 800
CWE121_Stack_Based_Buffer_Overflow__CWE805_int64_t_declare_memmove_11;good;Vulnerability;goodG2B2;9:;%-1;memmove: possible insufficient buffer size 100 for n of size 800
CWE121_Stack_Based_Buffer_Overflow__CWE805_int64_t_declare_memmove_15;good;Vulnerability;goodG2B1;0:;%-1;memmove: possible insufficient buffer size 100 for n of size 800
CWE121_Stack_Based_Buffer_Overflow__CWE805_int64_t_declare_memmove_15;good;Vulnerability;goodG2B2;0:;%-1;memmove: possible insufficient buffer size 100 for n of size 800
CWE121_Stack_Based_Buffer_Overflow__CWE805_int64_t_declare_memmove_13;good;Vulnerability;goodG2B1;10:;%-1;memmove: possible insufficient buffer size 100 for n of size 800
CWE121_Stack_Based_Buffer_Overflow__CWE805_int64_t_declare_memmove_13;good;Vulnerability;goodG2B2;9:;%-1;memmove: possible insufficient buffer size 100 for n of size 800
CWE121_Stack_Based_Buffer_Overflow__CWE805_int64_t_declare_memmove_16;good;Vulnerability;goodG2B;7:;%-1;memmove: possible insufficient buffer size 100 for n of size 800
CWE121_Stack_Based_Buffer_Overflow__CWE805_int64_t_declare_memmove_14;good;Vulnerability;goodG2B1;10:;%-1;memmove: possible insufficient buffer size 100 for n of size 800
CWE121_Stack_Based_Buffer_Overflow__CWE805_int64_t_declare_memmove_14;good;Vulnerability;goodG2B2;9:;%-1;memmove: possible insufficient buffer size 100 for n of size 800
CWE121_Stack_Based_Buffer_Overflow__CWE805_int64_t_declare_memmove_18;good;Vulnerability;goodG2B;5:;%-1;memmove: possible insufficient buffer size 100 for n of size 800
CWE121_Stack_Based_Buffer_Overflow__CWE805_int64_t_declare_memmove_17;good;Vulnerability;goodG2B;14:;%-1;memmove: possible insufficient buffer size 100 for n of size 800
CWE121_Stack_Based_Buffer_Overflow__CWE805_int64_t_declare_memmove_31;good;Vulnerability;goodG2B;0:;%-1;memmove: possible insufficient buffer size 100 for n of size 800
CWE121_Stack_Based_Buffer_Overflow__CWE805_int64_t_declare_memmove_41;good;Vulnerability;CWE121_Stack_Based_Buffer_Overflow__CWE805_int64_t_declare_memmove_41_goodG2BSink;0:;%-1;memmove: possible insufficient buffer size 100 for n of size 800
CWE121_Stack_Based_Buffer_Overflow__CWE805_int64_t_declare_memmove_34;good;Vulnerability;goodG2B;0:;%-1;memmove: possible insufficient buffer size 100 for n of size 800
CWE121_Stack_Based_Buffer_Overflow__CWE805_int64_t_declare_memmove_32;good;Vulnerability;goodG2B;0:;%-1;memmove: possible insufficient buffer size 100 for n of size 800
CWE121_Stack_Based_Buffer_Overflow__CWE805_int64_t_declare_memmove_44;good;Vulnerability;goodG2BSink;0:;%-1;memmove: possible insufficient buffer size 100 for n of size 800
CWE121_Stack_Based_Buffer_Overflow__CWE805_int64_t_declare_memmove_45;good;Vulnerability;goodG2BSink;0:;%-1;memmove: possible insufficient buffer size 100 for n of size 800
CWE121_Stack_Based_Buffer_Overflow__CWE805_int64_t_declare_memmove_51;good;Vulnerability;CWE121_Stack_Based_Buffer_Overflow__CWE805_int64_t_declare_memmove_51b_goodG2BSink;0:;%-1;memmove: possible insufficient buffer size 100 for n of size 800
CWE121_Stack_Based_Buffer_Overflow__CWE805_int64_t_declare_memmove_52;good;Vulnerability;CWE121_Stack_Based_Buffer_Overflow__CWE805_int64_t_declare_memmove_52c_goodG2BSink;0:;%-1;memmove: possible insufficient buffer size 100 for n of size 800
CWE121_Stack_Based_Buffer_Overflow__CWE805_int64_t_declare_memmove_53;good;Vulnerability;CWE121_Stack_Based_Buffer_Overflow__CWE805_int64_t_declare_memmove_53d_goodG2BSink;0:;%-1;memmove: possible insufficient buffer size 100 for n of size 800
CWE121_Stack_Based_Buffer_Overflow__CWE805_int64_t_declare_memmove_63;good;Vulnerability;CWE121_Stack_Based_Buffer_Overflow__CWE805_int64_t_declare_memmove_63b_goodG2BSink;0:;%-1;memmove: possible insufficient buffer size 100 for n of size 800
CWE121_Stack_Based_Buffer_Overflow__CWE805_int64_t_declare_memmove_54;good;Vulnerability;CWE121_Stack_Based_Buffer_Overflow__CWE805_int64_t_declare_memmove_54e_goodG2BSink;0:;%-1;memmove: possible insufficient buffer size 100 for n of size 800
CWE121_Stack_Based_Buffer_Overflow__CWE805_int64_t_declare_memmove_65;good;Vulnerability;CWE121_Stack_Based_Buffer_Overflow__CWE805_int64_t_declare_memmove_65b_goodG2BSink;0:;%-1;memmove: possible insufficient buffer size 100 for n of size 800
CWE121_Stack_Based_Buffer_Overflow__CWE805_int64_t_declare_memmove_64;good;Vulnerability;CWE121_Stack_Based_Buffer_Overflow__CWE805_int64_t_declare_memmove_64b_goodG2BSink;0:;%-1;memmove: possible insufficient buffer size 100 for n of size 800
CWE121_Stack_Based_Buffer_Overflow__CWE805_int64_t_declare_memmove_68;good;Vulnerability;CWE121_Stack_Based_Buffer_Overflow__CWE805_int64_t_declare_memmove_68b_goodG2BSink;0:;%-1;memmove: possible insufficient buffer size 100 for n of size 800
CWE121_Stack_Based_Buffer_Overflow__CWE805_int64_t_declare_memmove_67;good;Vulnerability;CWE121_Stack_Based_Buffer_Overflow__CWE805_int64_t_declare_memmove_67b_goodG2BSink;0:;%-1;memmove: possible insufficient buffer size 100 for n of size 800
CWE121_Stack_Based_Buffer_Overflow__CWE805_int_declare_memcpy_01;good;Vulnerability;goodG2B;0:;%-1;memcpy: possible insufficient buffer size 100 for n of size 400
CWE121_Stack_Based_Buffer_Overflow__CWE805_int_declare_memcpy_02;good;Vulnerability;goodG2B1;0:;%-1;memcpy: possible insufficient buffer size 100 for n of size 400
CWE121_Stack_Based_Buffer_Overflow__CWE805_int_declare_memcpy_02;good;Vulnerability;goodG2B2;0:;%-1;memcpy: possible insufficient buffer size 100 for n of size 400
CWE121_Stack_Based_Buffer_Overflow__CWE805_int_declare_memcpy_03;good;Vulnerability;goodG2B1;0:;%-1;memcpy: possible insufficient buffer size 100 for n of size 400
CWE121_Stack_Based_Buffer_Overflow__CWE805_int_declare_memcpy_03;good;Vulnerability;goodG2B2;0:;%-1;memcpy: possible insufficient buffer size 100 for n of size 400
CWE121_Stack_Based_Buffer_Overflow__CWE805_int_declare_memcpy_04;good;Vulnerability;goodG2B1;0:;%-1;memcpy: possible insufficient buffer size 100 for n of size 400
CWE121_Stack_Based_Buffer_Overflow__CWE805_int_declare_memcpy_04;good;Vulnerability;goodG2B2;0:;%-1;memcpy: possible insufficient buffer size 100 for n of size 400
CWE121_Stack_Based_Buffer_Overflow__CWE805_int_declare_memcpy_06;good;Vulnerability;goodG2B1;0:;%-1;memcpy: possible insufficient buffer size 100 for n of size 400
CWE121_Stack_Based_Buffer_Overflow__CWE805_int_declare_memcpy_06;good;Vulnerability;goodG2B2;0:;%-1;memcpy: possible insufficient buffer size 100 for n of size 400
CWE121_Stack_Based_Buffer_Overflow__CWE805_int_declare_memcpy_05;good;Vulnerability;goodG2B1;10:;%-1;memcpy: possible insufficient buffer size 100 for n of size 400
CWE121_Stack_Based_Buffer_Overflow__CWE805_int_declare_memcpy_05;good;Vulnerability;goodG2B2;9:;%-1;memcpy: possible insufficient buffer size 100 for n of size 400
CWE121_Stack_Based_Buffer_Overflow__CWE805_int_declare_memcpy_07;good;Vulnerability;goodG2B1;10:;%-1;memcpy: possible insufficient buffer size 100 for n of size 400
CWE121_Stack_Based_Buffer_Overflow__CWE805_int_declare_memcpy_07;good;Vulnerability;goodG2B2;9:;%-1;memcpy: possible insufficient buffer size 100 for n of size 400
CWE121_Stack_Based_Buffer_Overflow__CWE805_int_declare_memcpy_08;good;Vulnerability;goodG2B1;10:;%-1;memcpy: possible insufficient buffer size 100 for n of size 400
CWE121_Stack_Based_Buffer_Overflow__CWE805_int_declare_memcpy_08;good;Vulnerability;goodG2B2;9:;%-1;memcpy: possible insufficient buffer size 100 for n of size 400
CWE121_Stack_Based_Buffer_Overflow__CWE805_int_declare_memcpy_09;good;Vulnerability;goodG2B1;10:;%-1;memcpy: possible insufficient buffer size 100 for n of size 400
CWE121_Stack_Based_Buffer_Overflow__CWE805_int_declare_memcpy_09;good;Vulnerability;goodG2B2;9:;%-1;memcpy: possible insufficient buffer size 100 for n of size 400
CWE121_Stack_Based_Buffer_Overflow__CWE805_int_declare_memcpy_10;good;Vulnerability;goodG2B1;10:;%-1;memcpy: possible insufficient buffer size 100 for n of size 400
CWE121_Stack_Based_Buffer_Overflow__CWE805_int_declare_memcpy_10;good;Vulnerability;goodG2B2;9:;%-1;memcpy: possible insufficient buffer size 100 for n of size 400
CWE121_Stack_Based_Buffer_Overflow__CWE805_int_declare_memcpy_12;good;Vulnerability;goodG2B;11:;%-1;memcpy: possible insufficient buffer size 100 for n of size 400
CWE121_Stack_Based_Buffer_Overflow__CWE805_int_declare_memcpy_13;good;Vulnerability;goodG2B1;10:;%-1;memcpy: possible insufficient buffer size 100 for n of size 400
CWE121_Stack_Based_Buffer_Overflow__CWE805_int_declare_memcpy_13;good;Vulnerability;goodG2B2;9:;%-1;memcpy: possible insufficient buffer size 100 for n of size 400
CWE121_Stack_Based_Buffer_Overflow__CWE805_int_declare_memcpy_11;good;Vulnerability;goodG2B1;10:;%-1;memcpy: possible insufficient buffer size 100 for n of size 400
CWE121_Stack_Based_Buffer_Overflow__CWE805_int_declare_memcpy_11;good;Vulnerability;goodG2B2;9:;%-1;memcpy: possible insufficient buffer size 100 for n of size 400
CWE121_Stack_Based_Buffer_Overflow__CWE805_int_declare_memcpy_14;good;Vulnerability;goodG2B1;10:;%-1;memcpy: possible insufficient buffer size 100 for n of size 400
CWE121_Stack_Based_Buffer_Overflow__CWE805_int_declare_memcpy_14;good;Vulnerability;goodG2B2;9:;%-1;memcpy: possible insufficient buffer size 100 for n of size 400
CWE121_Stack_Based_Buffer_Overflow__CWE805_int_declare_memcpy_16;good;Vulnerability;goodG2B;7:;%-1;memcpy: possible insufficient buffer size 100 for n of size 400
CWE121_Stack_Based_Buffer_Overflow__CWE805_int_declare_memcpy_15;good;Vulnerability;goodG2B1;0:;%-1;memcpy: possible insufficient buffer size 100 for n of size 400
CWE121_Stack_Based_Buffer_Overflow__CWE805_int_declare_memcpy_15;good;Vulnerability;goodG2B2;0:;%-1;memcpy: possible insufficient buffer size 100 for n of size 400
CWE121_Stack_Based_Buffer_Overflow__CWE805_int_declare_memcpy_18;good;Vulnerability;goodG2B;5:;%-1;memcpy: possible insufficient buffer size 100 for n of size 400
CWE121_Stack_Based_Buffer_Overflow__CWE805_int_declare_memcpy_17;good;Vulnerability;goodG2B;14:;%-1;memcpy: possible insufficient buffer size 100 for n of size 400
CWE121_Stack_Based_Buffer_Overflow__CWE805_int_declare_memcpy_31;good;Vulnerability;goodG2B;0:;%-1;memcpy: possible insufficient buffer size 100 for n of size 400
CWE121_Stack_Based_Buffer_Overflow__CWE805_int_declare_memcpy_34;good;Vulnerability;goodG2B;0:;%-1;memcpy: possible insufficient buffer size 100 for n of size 400
CWE121_Stack_Based_Buffer_Overflow__CWE805_int_declare_memcpy_32;good;Vulnerability;goodG2B;0:;%-1;memcpy: possible insufficient buffer size 100 for n of size 400
CWE121_Stack_Based_Buffer_Overflow__CWE805_int_declare_memcpy_41;good;Vulnerability;CWE121_Stack_Based_Buffer_Overflow__CWE805_int_declare_memcpy_41_goodG2BSink;0:;%-1;memcpy: possible insufficient buffer size 100 for n of size 400
CWE121_Stack_Based_Buffer_Overflow__CWE805_int_declare_memcpy_44;good;Vulnerability;goodG2BSink;0:;%-1;memcpy: possible insufficient buffer size 100 for n of size 400
CWE121_Stack_Based_Buffer_Overflow__CWE805_int_declare_memcpy_45;good;Vulnerability;goodG2BSink;0:;%-1;memcpy: possible insufficient buffer size 100 for n of size 400
CWE121_Stack_Based_Buffer_Overflow__CWE805_int_declare_memcpy_51;good;Vulnerability;CWE121_Stack_Based_Buffer_Overflow__CWE805_int_declare_memcpy_51b_goodG2BSink;0:;%-1;memcpy: possible insufficient buffer size 100 for n of size 400
CWE121_Stack_Based_Buffer_Overflow__CWE805_int_declare_memcpy_52;good;Vulnerability;CWE121_Stack_Based_Buffer_Overflow__CWE805_int_declare_memcpy_52c_goodG2BSink;0:;%-1;memcpy: possible insufficient buffer size 100 for n of size 400
CWE121_Stack_Based_Buffer_Overflow__CWE805_int_declare_memcpy_53;good;Vulnerability;CWE121_Stack_Based_Buffer_Overflow__CWE805_int_declare_memcpy_53d_goodG2BSink;0:;%-1;memcpy: possible insufficient buffer size 100 for n of size 400
CWE121_Stack_Based_Buffer_Overflow__CWE805_int_declare_memcpy_54;good;Vulnerability;CWE121_Stack_Based_Buffer_Overflow__CWE805_int_declare_memcpy_54e_goodG2BSink;0:;%-1;memcpy: possible insufficient buffer size 100 for n of size 400
CWE121_Stack_Based_Buffer_Overflow__CWE805_int_declare_memcpy_63;good;Vulnerability;CWE121_Stack_Based_Buffer_Overflow__CWE805_int_declare_memcpy_63b_goodG2BSink;0:;%-1;memcpy: possible insufficient buffer size 100 for n of size 400
CWE121_Stack_Based_Buffer_Overflow__CWE805_int_declare_memcpy_65;good;Vulnerability;CWE121_Stack_Based_Buffer_Overflow__CWE805_int_declare_memcpy_65b_goodG2BSink;0:;%-1;memcpy: possible insufficient buffer size 100 for n of size 400
CWE121_Stack_Based_Buffer_Overflow__CWE805_int_declare_memcpy_64;good;Vulnerability;CWE121_Stack_Based_Buffer_Overflow__CWE805_int_declare_memcpy_64b_goodG2BSink;0:;%-1;memcpy: possible insufficient buffer size 100 for n of size 400
CWE121_Stack_Based_Buffer_Overflow__CWE805_int_declare_memcpy_68;good;Vulnerability;CWE121_Stack_Based_Buffer_Overflow__CWE805_int_declare_memcpy_68b_goodG2BSink;0:;%-1;memcpy: possible insufficient buffer size 100 for n of size 400
CWE121_Stack_Based_Buffer_Overflow__CWE805_int_declare_memmove_01;good;Vulnerability;goodG2B;0:;%-1;memmove: possible insufficient buffer size 100 for n of size 400
CWE121_Stack_Based_Buffer_Overflow__CWE805_int_declare_memcpy_67;good;Vulnerability;CWE121_Stack_Based_Buffer_Overflow__CWE805_int_declare_memcpy_67b_goodG2BSink;0:;%-1;memcpy: possible insufficient buffer size 100 for n of size 400
CWE121_Stack_Based_Buffer_Overflow__CWE805_int_declare_memmove_02;good;Vulnerability;goodG2B1;0:;%-1;memmove: possible insufficient buffer size 100 for n of size 400
CWE121_Stack_Based_Buffer_Overflow__CWE805_int_declare_memmove_02;good;Vulnerability;goodG2B2;0:;%-1;memmove: possible insufficient buffer size 100 for n of size 400
CWE121_Stack_Based_Buffer_Overflow__CWE805_int_declare_memmove_03;good;Vulnerability;goodG2B1;0:;%-1;memmove: possible insufficient buffer size 100 for n of size 400
CWE121_Stack_Based_Buffer_Overflow__CWE805_int_declare_memmove_03;good;Vulnerability;goodG2B2;0:;%-1;memmove: possible insufficient buffer size 100 for n of size 400
CWE121_Stack_Based_Buffer_Overflow__CWE805_int_declare_memmove_04;good;Vulnerability;goodG2B1;0:;%-1;memmove: possible insufficient buffer size 100 for n of size 400
CWE121_Stack_Based_Buffer_Overflow__CWE805_int_declare_memmove_04;good;Vulnerability;goodG2B2;0:;%-1;memmove: possible insufficient buffer size 100 for n of size 400
CWE121_Stack_Based_Buffer_Overflow__CWE805_int_declare_memmove_06;good;Vulnerability;goodG2B1;0:;%-1;memmove: possible insufficient buffer size 100 for n of size 400
CWE121_Stack_Based_Buffer_Overflow__CWE805_int_declare_memmove_06;good;Vulnerability;goodG2B2;0:;%-1;memmove: possible insufficient buffer size 100 for n of size 400
CWE121_Stack_Based_Buffer_Overflow__CWE805_int_declare_memmove_05;good;Vulnerability;goodG2B1;10:;%-1;memmove: possible insufficient buffer size 100 for n of size 400
CWE121_Stack_Based_Buffer_Overflow__CWE805_int_declare_memmove_05;good;Vulnerability;goodG2B2;9:;%-1;memmove: possible insufficient buffer size 100 for n of size 400
CWE121_Stack_Based_Buffer_Overflow__CWE805_int_declare_memmove_07;good;Vulnerability;goodG2B1;10:;%-1;memmove: possible insufficient buffer size 100 for n of size 400
CWE121_Stack_Based_Buffer_Overflow__CWE805_int_declare_memmove_07;good;Vulnerability;goodG2B2;9:;%-1;memmove: possible insufficient buffer size 100 for n of size 400
CWE121_Stack_Based_Buffer_Overflow__CWE805_int_declare_memmove_08;good;Vulnerability;goodG2B1;10:;%-1;memmove: possible insufficient buffer size 100 for n of size 400
CWE121_Stack_Based_Buffer_Overflow__CWE805_int_declare_memmove_08;good;Vulnerability;goodG2B2;9:;%-1;memmove: possible insufficient buffer size 100 for n of size 400
CWE121_Stack_Based_Buffer_Overflow__CWE805_int_declare_memmove_09;good;Vulnerability;goodG2B1;10:;%-1;memmove: possible insufficient buffer size 100 for n of size 400
CWE121_Stack_Based_Buffer_Overflow__CWE805_int_declare_memmove_09;good;Vulnerability;goodG2B2;9:;%-1;memmove: possible insufficient buffer size 100 for n of size 400
CWE121_Stack_Based_Buffer_Overflow__CWE805_int_declare_memmove_10;good;Vulnerability;goodG2B1;10:;%-1;memmove: possible insufficient buffer size 100 for n of size 400
CWE121_Stack_Based_Buffer_Overflow__CWE805_int_declare_memmove_10;good;Vulnerability;goodG2B2;9:;%-1;memmove: possible insufficient buffer size 100 for n of size 400
CWE121_Stack_Based_Buffer_Overflow__CWE805_int_declare_memmove_12;good;Vulnerability;goodG2B;11:;%-1;memmove: possible insufficient buffer size 100 for n of size 400
CWE121_Stack_Based_Buffer_Overflow__CWE805_int_declare_memmove_11;good;Vulnerability;goodG2B1;10:;%-1;memmove: possible insufficient buffer size 100 for n of size 400
CWE121_Stack_Based_Buffer_Overflow__CWE805_int_declare_memmove_11;good;Vulnerability;goodG2B2;9:;%-1;memmove: possible insufficient buffer size 100 for n of size 400
CWE121_Stack_Based_Buffer_Overflow__CWE805_int_declare_memmove_13;good;Vulnerability;goodG2B1;10:;%-1;memmove: possible insufficient buffer size 100 for n of size 400
CWE121_Stack_Based_Buffer_Overflow__CWE805_int_declare_memmove_13;good;Vulnerability;goodG2B2;9:;%-1;memmove: possible insufficient buffer size 100 for n of size 400
CWE121_Stack_Based_Buffer_Overflow__CWE805_int_declare_memmove_16;good;Vulnerability;goodG2B;7:;%-1;memmove: possible insufficient buffer size 100 for n of size 400
CWE121_Stack_Based_Buffer_Overflow__CWE805_int_declare_memmove_15;good;Vulnerability;goodG2B1;0:;%-1;memmove: possible insufficient buffer size 100 for n of size 400
CWE121_Stack_Based_Buffer_Overflow__CWE805_int_declare_memmove_15;good;Vulnerability;goodG2B2;0:;%-1;memmove: possible insufficient buffer size 100 for n of size 400
CWE121_Stack_Based_Buffer_Overflow__CWE805_int_declare_memmove_14;good;Vulnerability;goodG2B1;10:;%-1;memmove: possible insufficient buffer size 100 for n of size 400
CWE121_Stack_Based_Buffer_Overflow__CWE805_int_declare_memmove_14;good;Vulnerability;goodG2B2;9:;%-1;memmove: possible insufficient buffer size 100 for n of size 400
CWE121_Stack_Based_Buffer_Overflow__CWE805_int_declare_memmove_18;good;Vulnerability;goodG2B;5:;%-1;memmove: possible insufficient buffer size 100 for n of size 400
CWE121_Stack_Based_Buffer_Overflow__CWE805_int_declare_memmove_17;good;Vulnerability;goodG2B;14:;%-1;memmove: possible insufficient buffer size 100 for n of size 400
CWE121_Stack_Based_Buffer_Overflow__CWE805_int_declare_memmove_31;good;Vulnerability;goodG2B;0:;%-1;memmove: possible insufficient buffer size 100 for n of size 400
CWE121_Stack_Based_Buffer_Overflow__CWE805_int_declare_memmove_32;good;Vulnerability;goodG2B;0:;%-1;memmove: possible insufficient buffer size 100 for n of size 400
CWE121_Stack_Based_Buffer_Overflow__CWE805_int_declare_memmove_34;good;Vulnerability;goodG2B;0:;%-1;memmove: possible insufficient buffer size 100 for n of size 400
CWE121_Stack_Based_Buffer_Overflow__CWE805_int_declare_memmove_44;good;Vulnerability;goodG2BSink;0:;%-1;memmove: possible insufficient buffer size 100 for n of size 400
CWE121_Stack_Based_Buffer_Overflow__CWE805_int_declare_memmove_41;good;Vulnerability;CWE121_Stack_Based_Buffer_Overflow__CWE805_int_declare_memmove_41_goodG2BSink;0:;%-1;memmove: possible insufficient buffer size 100 for n of size 400
CWE121_Stack_Based_Buffer_Overflow__CWE805_int_declare_memmove_45;good;Vulnerability;goodG2BSink;0:;%-1;memmove: possible insufficient buffer size 100 for n of size 400
CWE121_Stack_Based_Buffer_Overflow__CWE805_int_declare_memmove_51;good;Vulnerability;CWE121_Stack_Based_Buffer_Overflow__CWE805_int_declare_memmove_51b_goodG2BSink;0:;%-1;memmove: possible insufficient buffer size 100 for n of size 400
CWE121_Stack_Based_Buffer_Overflow__CWE805_int_declare_memmove_52;good;Vulnerability;CWE121_Stack_Based_Buffer_Overflow__CWE805_int_declare_memmove_52c_goodG2BSink;0:;%-1;memmove: possible insufficient buffer size 100 for n of size 400
CWE121_Stack_Based_Buffer_Overflow__CWE805_int_declare_memmove_63;good;Vulnerability;CWE121_Stack_Based_Buffer_Overflow__CWE805_int_declare_memmove_63b_goodG2BSink;0:;%-1;memmove: possible insufficient buffer size 100 for n of size 400
CWE121_Stack_Based_Buffer_Overflow__CWE805_int_declare_memmove_53;good;Vulnerability;CWE121_Stack_Based_Buffer_Overflow__CWE805_int_declare_memmove_53d_goodG2BSink;0:;%-1;memmove: possible insufficient buffer size 100 for n of size 400
CWE121_Stack_Based_Buffer_Overflow__CWE805_int_declare_memmove_65;good;Vulnerability;CWE121_Stack_Based_Buffer_Overflow__CWE805_int_declare_memmove_65b_goodG2BSink;0:;%-1;memmove: possible insufficient buffer size 100 for n of size 400
CWE121_Stack_Based_Buffer_Overflow__CWE805_int_declare_memmove_54;good;Vulnerability;CWE121_Stack_Based_Buffer_Overflow__CWE805_int_declare_memmove_54e_goodG2BSink;0:;%-1;memmove: possible insufficient buffer size 100 for n of size 400
CWE121_Stack_Based_Buffer_Overflow__CWE805_int_declare_memmove_64;good;Vulnerability;CWE121_Stack_Based_Buffer_Overflow__CWE805_int_declare_memmove_64b_goodG2BSink;0:;%-1;memmove: possible insufficient buffer size 100 for n of size 400
CWE121_Stack_Based_Buffer_Overflow__CWE805_int_declare_memmove_68;good;Vulnerability;CWE121_Stack_Based_Buffer_Overflow__CWE805_int_declare_memmove_68b_goodG2BSink;0:;%-1;memmove: possible insufficient buffer size 100 for n of size 400
CWE121_Stack_Based_Buffer_Overflow__CWE805_int_declare_memmove_67;good;Vulnerability;CWE121_Stack_Based_Buffer_Overflow__CWE805_int_declare_memmove_67b_goodG2BSink;0:;%-1;memmove: possible insufficient buffer size 100 for n of size 400
CWE121_Stack_Based_Buffer_Overflow__CWE805_struct_alloca_loop_45;good;Vulnerability;goodG2BSink;23:;%26;Array access within a loop with the loop variable [arr[i]] is out of bounds for i=99 and array size: 8.
CWE121_Stack_Based_Buffer_Overflow__CWE805_struct_alloca_loop_66;good;Vulnerability;CWE121_Stack_Based_Buffer_Overflow__CWE805_struct_alloca_loop_66b_goodG2BSink;27:;%30;Array access within a loop with the loop variable [arr[i]] is out of bounds for i=99 and array size: 8.
CWE121_Stack_Based_Buffer_Overflow__CWE805_struct_alloca_loop_68;good;Vulnerability;CWE121_Stack_Based_Buffer_Overflow__CWE805_struct_alloca_loop_68b_goodG2BSink;23:;%26;Array access within a loop with the loop variable [arr[i]] is out of bounds for i=99 and array size: 8.
CWE121_Stack_Based_Buffer_Overflow__CWE805_struct_alloca_memcpy_45;good;Vulnerability;goodG2BSink;18:;%-1;memcpy: possible insufficient buffer size 8 for n of size 800
CWE121_Stack_Based_Buffer_Overflow__CWE805_struct_alloca_memcpy_66;good;Vulnerability;CWE121_Stack_Based_Buffer_Overflow__CWE805_struct_alloca_memcpy_66b_goodG2BSink;22:;%-1;memcpy: possible insufficient buffer size 8 for n of size 800
CWE121_Stack_Based_Buffer_Overflow__CWE805_struct_alloca_memcpy_68;good;Vulnerability;CWE121_Stack_Based_Buffer_Overflow__CWE805_struct_alloca_memcpy_68b_goodG2BSink;18:;%-1;memcpy: possible insufficient buffer size 8 for n of size 800
CWE121_Stack_Based_Buffer_Overflow__CWE805_struct_alloca_memmove_45;good;Vulnerability;goodG2BSink;18:;%-1;memmove: possible insufficient buffer size 8 for n of size 800
CWE121_Stack_Based_Buffer_Overflow__CWE805_struct_alloca_memmove_66;good;Vulnerability;CWE121_Stack_Based_Buffer_Overflow__CWE805_struct_alloca_memmove_66b_goodG2BSink;22:;%-1;memmove: possible insufficient buffer size 8 for n of size 800
CWE121_Stack_Based_Buffer_Overflow__CWE805_struct_alloca_memmove_68;good;Vulnerability;CWE121_Stack_Based_Buffer_Overflow__CWE805_struct_alloca_memmove_68b_goodG2BSink;18:;%-1;memmove: possible insufficient buffer size 8 for n of size 800
CWE121_Stack_Based_Buffer_Overflow__CWE805_struct_declare_loop_45;good;Vulnerability;goodG2BSink;23:;%26;Array access within a loop with the loop variable [arr[i]] is out of bounds for i=99 and array size: 8.
CWE121_Stack_Based_Buffer_Overflow__CWE805_struct_declare_loop_66;good;Vulnerability;CWE121_Stack_Based_Buffer_Overflow__CWE805_struct_declare_loop_66b_goodG2BSink;27:;%30;Array access within a loop with the loop variable [arr[i]] is out of bounds for i=99 and array size: 8.
CWE121_Stack_Based_Buffer_Overflow__CWE805_struct_declare_loop_68;good;Vulnerability;CWE121_Stack_Based_Buffer_Overflow__CWE805_struct_declare_loop_68b_goodG2BSink;23:;%26;Array access within a loop with the loop variable [arr[i]] is out of bounds for i=99 and array size: 8.
CWE121_Stack_Based_Buffer_Overflow__CWE805_struct_declare_memcpy_45;good;Vulnerability;goodG2BSink;18:;%-1;memcpy: possible insufficient buffer size 8 for n of size 800
CWE121_Stack_Based_Buffer_Overflow__CWE805_struct_declare_memcpy_66;good;Vulnerability;CWE121_Stack_Based_Buffer_Overflow__CWE805_struct_declare_memcpy_66b_goodG2BSink;22:;%-1;memcpy: possible insufficient buffer size 8 for n of size 800
CWE121_Stack_Based_Buffer_Overflow__CWE805_struct_declare_memcpy_68;good;Vulnerability;CWE121_Stack_Based_Buffer_Overflow__CWE805_struct_declare_memcpy_68b_goodG2BSink;18:;%-1;memcpy: possible insufficient buffer size 8 for n of size 800
CWE121_Stack_Based_Buffer_Overflow__CWE805_struct_declare_memmove_45;good;Vulnerability;goodG2BSink;18:;%-1;memmove: possible insufficient buffer size 8 for n of size 800
CWE121_Stack_Based_Buffer_Overflow__CWE805_struct_declare_memmove_66;good;Vulnerability;CWE121_Stack_Based_Buffer_Overflow__CWE805_struct_declare_memmove_66b_goodG2BSink;22:;%-1;memmove: possible insufficient buffer size 8 for n of size 800
CWE121_Stack_Based_Buffer_Overflow__CWE805_struct_declare_memmove_68;good;Vulnerability;CWE121_Stack_Based_Buffer_Overflow__CWE805_struct_declare_memmove_68b_goodG2BSink;18:;%-1;memmove: possible insufficient buffer size 8 for n of size 800
